Series_Title,Released_Year,Certificate,Runtime,Runtime2,Genre,IMDB_Rating,No_of_Votes,Gross
Oldeuboi,2003,A,101 min,101,Action,8.4,515451,707481
Serbuan maut,2011,A,101 min,101,Action,7.6,190531,4105123
Enter the Dragon,1973,A,102 min,102,Action,7.7,96561,25000000
Dirty Harry,1971,A,102 min,102,Action,7.7,143292,35900000
The French Connection,1971,A,104 min,104,Action,7.7,110075,15630710
"Lock, Stock and Two Smoking Barrels",1998,A,107 min,107,Action,8.2,535216,3897569
Predator,1987,A,107 min,107,Action,7.8,371387,59735548
The Bourne Supremacy,2004,A,108 min,108,Action,7.7,434841,176241941
End of Watch,2012,A,109 min,109,Action,7.6,228132,41003371
Lethal Weapon,1987,A,109 min,109,Action,7.6,236894,65207127
Léon,1994,A,110 min,110,Action,8.5,1035236,19501238
Yôjinbô,1961,A,110 min,110,Action,8.2,111244,12100200
Gongdong gyeongbi guyeok JSA,2000,A,110 min,110,Action,7.8,26518,181855
Goldfinger,1964,A,110 min,110,Action,7.7,174119,51081062
Bonnie and Clyde,1967,A,111 min,111,Action,7.8,102415,17550941
District 9,2009,A,112 min,112,Action,7.9,638202,115646235
Escape from Alcatraz,1979,A,112 min,112,Action,7.6,121731,43000000
The Gentlemen,2019,A,113 min,113,Action,7.8,237392,2537920
White Heat,1949,A,114 min,114,Action,8.1,29807,44908400
Raiders of the Lost Ark,1981,A,115 min,115,Action,8.4,884112,248159971
300,2006,A,117 min,117,Action,7.6,732876,210614939
Sicario,2015,A,121 min,121,Action,7.6,371291,46889293
3:10 to Yuma,2007,A,122 min,122,Action,7.7,288797,53606916
Dawn of the Dead,1978,A,127 min,127,Action,7.9,111512,5100000
Nefes: Vatan Sagolsun,2009,A,128 min,128,Action,8,31838,107062
Die Hard: With a Vengeance,1995,A,128 min,128,Action,7.6,364420,100012499
Kingsman: The Secret Service,2014,A,129 min,129,Action,7.7,590440,128261724
V for Vendetta,2005,A,132 min,132,Action,8.2,1032749,70511035
Die Hard,1988,A,132 min,132,Action,8.2,793164,83008852
Seppuku,1962,A,133 min,133,Action,8.6,42004,130743122
The Matrix,1999,A,136 min,136,Action,8.7,1676426,171479930
Logan,2017,A,137 min,137,Action,8.1,647884,226277068
Kill Bill: Vol. 2,2004,A,137 min,137,Action,8,683900,66208183
Apocalypto,2006,A,139 min,139,Action,7.8,291018,50866635
Ang-ma-reul bo-at-da,2010,A,144 min,144,Action,7.8,111252,128392
The Wild Bunch,1969,A,145 min,145,Action,7.9,77401,12064472
Minority Report,2002,A,145 min,145,Action,7.6,508417,132072926
Udta Punjab,2016,A,148 min,148,Action,7.8,27175,169607487
Serbuan maut 2: Berandal,2014,A,150 min,150,Action,8,114316,2625803
The Revenant,2015,A,156 min,156,Action,8,705589,183637894
Watchmen,2009,A,162 min,162,Action,7.6,500799,107509799
Gangs of Wasseypur,2012,A,321 min,321,Action,8.2,82365,144701
Evil Dead II,1987,A,84 min,84,Action,7.8,148359,5923044
Knockin' on Heaven's Door,1997,A,87 min,87,Action,8,27721,3296
Taken,2008,A,90 min,90,Action,7.8,564791,145000989
First Blood,1982,A,93 min,93,Action,7.7,226541,47212904
"Aguirre, der Zorn Gottes",1972,A,95 min,95,Action,7.9,52397,70600400
Mad Max 2,1981,A,96 min,96,Action,7.6,166588,12465371
Per un pugno di dollari,1964,A,99 min,99,Action,8,198219,14500000
Red River,1948,Passed,133 min,133,Action,7.8,28167,2616200
Rio Bravo,1959,Passed,141 min,141,Action,8,56305,12535000
Sherlock Jr.,1924,Passed,45 min,45,Action,8.2,41985,977375
The General,1926,Passed,67 min,67,Action,8.1,81156,1033895
Huo Yuan Jia,2006,PG-13,104 min,104,Action,7.6,72863,24633730
Serenity,2005,PG-13,119 min,119,Action,7.8,283310,25514517
Ying xiong,2002,PG-13,120 min,120,Action,7.9,173999,53710019
Sherlock Holmes,2009,PG-13,128 min,128,Action,7.6,583158,209028679
The Count of Monte Cristo,2002,PG-13,131 min,131,Action,7.8,129022,54234062
Casino Royale,2006,PG-13,144 min,144,Action,8,582239,167445960
Eastern Promises,2007,R,100 min,100,Action,7.6,227760,17114882
Hell or High Water,2016,R,102 min,102,Action,7.6,204175,26862450
Yip Man,2008,R,106 min,106,Action,8,211427,106862
Deadpool,2016,R,108 min,108,Action,8,902669,363070709
The Boondock Saints,1999,R,108 min,108,Action,7.8,227143,25812
Lucky Number Slevin,2006,R,110 min,110,Action,7.7,299524,22494487
Kill Bill: Vol. 1,2003,R,111 min,111,Action,8.1,1000639,70099045
Dip huet seung hung,1989,R,111 min,111,Action,7.8,45624,61277272
Falling Down,1993,R,113 min,113,Action,7.6,171640,40903593
Tropa de Elite,2007,R,115 min,115,Action,8,98097,8060
Ajeossi,2010,R,119 min,119,Action,7.8,62848,6460
Deadpool 2,2018,R,119 min,119,Action,7.7,478586,324591735
Lord of War,2005,R,122 min,122,Action,7.6,294140,24149632
Lat sau san taam,1992,R,128 min,128,Action,7.8,46700,17267171
Tombstone,1993,R,130 min,130,Action,7.8,126871,56505065
Taegukgi hwinalrimyeo,2004,R,140 min,140,Action,8.1,37820,1111061
The Taking of Pelham One Two Three,1974,U,104 min,104,Action,7.7,26729,1924933
Star Trek II: The Wrath of Khan,1982,U,113 min,113,Action,7.7,112704,78912963
Indiana Jones and the Last Crusade,1989,U,127 min,127,Action,8.2,692366,197171806
The Fugitive,1993,U,130 min,130,Action,7.8,267684,183875760
Star Wars: Episode VI - Return of the Jedi,1983,U,131 min,131,Action,8.3,950470,309125409
The Blues Brothers,1980,U,133 min,133,Action,7.9,183182,57229890
Terminator 2: Judgment Day,1991,U,137 min,137,Action,8.5,995506,204843350
Aliens,1986,U,137 min,137,Action,8.3,652719,85160248
Star Wars: Episode VII - The Force Awakens,2015,U,138 min,138,Action,7.9,860823,936662225
Empire of the Sun,1987,U,153 min,153,Action,7.7,115677,22238696
Hera Pheri,2000,U,156 min,156,Action,8.2,57057,4711296
Where Eagles Dare,1968,U,158 min,158,Action,7.7,51913,15630910
Andaz Apna Apna,1994,U,160 min,160,Action,8.2,49300,67437018
Dangal,2016,U,161 min,161,Action,8.4,156479,12391761
Ran,1985,U,162 min,162,Action,8.2,112505,4135750
The Lord of the Rings: The Fellowship of the Ring,2001,U,178 min,178,Action,8.8,1661481,315544750
The Lord of the Rings: The Return of the King,2003,U,201 min,201,Action,8.9,1642758,377845905
Sholay,1975,U,204 min,204,Action,8.2,51284,23384387
Shichinin no samurai,1954,U,207 min,207,Action,8.6,315744,269061
Sanjuro,1962,U,96 min,96,Action,8.1,33044,102421
Key Largo,1948,UA,100 min,100,Action,7.8,36995,336905
Mou gaan dou,2002,UA,101 min,101,Action,8,117857,169659
A Wednesday,2008,UA,104 min,104,Action,8.1,73891,61002502
Ghostbusters,1984,UA,105 min,105,Action,7.8,355413,238632124
Dunkirk,2017,UA,106 min,106,Action,7.8,555092,188373161
The Terminator,1984,UA,107 min,107,Action,8,799795,38400000
The Last of the Mohicans,1992,UA,112 min,112,Action,7.7,150409,75505856
Edge of Tomorrow,2014,UA,113 min,113,Action,7.9,600004,100206256
Baby Driver,2017,UA,113 min,113,Action,7.6,439406,107825862
Celda 211,2009,UA,113 min,113,Action,7.6,63882,35014392
Batoru rowaiaru,2000,UA,114 min,114,Action,7.6,169091,57938893
Tropa de Elite 2: O Inimigo Agora é Outro,2010,UA,115 min,115,Action,8,79200,100119
The Bourne Ultimatum,2007,UA,115 min,115,Action,8,604694,227471070
Blade Runner,1982,UA,117 min,117,Action,8.1,693827,32868943
Kick-Ass,2010,UA,117 min,117,Action,7.6,524081,48071303
The Bourne Identity,2002,UA,119 min,119,Action,7.9,508771,121661683
Mad Max: Fury Road,2015,UA,120 min,120,Action,8.1,882316,154058340
Wo hu cang long,2000,UA,120 min,120,Action,7.8,253228,128078872
Star Wars,1977,UA,121 min,121,Action,8.6,1231473,322740140
Guardians of the Galaxy,2014,UA,121 min,121,Action,8,1043455,333176600
Hot Fuzz,2007,UA,121 min,121,Action,7.8,463466,23637265
Rush,2013,UA,123 min,123,Action,8.1,432811,26947624
Star Wars: Episode V - The Empire Strikes Back,1980,UA,124 min,124,Action,8.7,1159315,290475067
Chugyeokja,2008,UA,125 min,125,Action,7.8,58468,161197985
Iron Man,2008,UA,126 min,126,Action,7.9,939644,318412101
The Fifth Element,1997,UA,126 min,126,Action,7.7,434125,63540020
Jurassic Park,1993,UA,127 min,127,Action,8.1,867615,402453882
Star Trek,2009,UA,127 min,127,Action,7.9,577336,257730019
The Game,1997,UA,129 min,129,Action,7.8,345096,48323648
Thor: Ragnarok,2017,UA,130 min,130,Action,7.9,587775,315058289
Dawn of the Planet of the Apes,2014,UA,130 min,130,Action,7.6,411599,208545589
X: First Class,2011,UA,131 min,131,Action,7.7,645512,146408305
X-Men: Days of Future Past,2014,UA,132 min,132,Action,7.9,659763,233921534
Star Trek Into Darkness,2013,UA,132 min,132,Action,7.7,463188,228778661
Rogue One,2016,UA,133 min,133,Action,7.8,556608,532177324
Only the Brave,2017,UA,134 min,134,Action,7.6,58371,18340051
Paan Singh Tomar,2012,UA,135 min,135,Action,8.2,33237,39567
Captain America: The Winter Soldier,2014,UA,136 min,136,Action,7.7,736182,259766572
Guardians of the Galaxy Vol. 2,2017,UA,136 min,136,Action,7.6,569974,389813101
Uri: The Surgical Strike,2018,UA,138 min,138,Action,8.2,43444,4186168
Raazi,2018,UA,138 min,138,Action,7.8,25344,10000400
Warrior,2011,UA,140 min,140,Action,8.2,435950,13657115
Batman Begins,2005,UA,140 min,140,Action,8.2,1308302,206852432
Letters from Iwo Jima,2006,UA,141 min,141,Action,7.9,154011,13756082
The Avengers,2012,UA,143 min,143,Action,8,1260806,623279547
Pirates of the Caribbean: The Curse of the Black Pearl,2003,UA,143 min,143,Action,8,1015122,305413918
Skyfall,2012,UA,143 min,143,Action,7.7,630614,304360277
Man on Fire,2004,UA,146 min,146,Action,7.7,329592,77911774
Vikram Vedha,2017,UA,147 min,147,Action,8.4,28401,1661296
Captain America: Civil War,2016,UA,147 min,147,Action,7.8,663649,408084349
Mission: Impossible - Fallout,2018,UA,147 min,147,Action,7.7,291257,220159104
Inception,2010,UA,148 min,148,Action,8.8,2067042,292576195
Avengers: Infinity War,2018,UA,149 min,149,Action,8.4,834477,678815482
The Dirty Dozen,1967,UA,150 min,150,Action,7.7,67183,45300000
The Dark Knight,2008,UA,152 min,152,Action,9,2303232,534858444
Ford v Ferrari,2019,UA,152 min,152,Action,8.1,291289,117624028
Harry Potter and the Half-Blood Prince,2009,UA,153 min,153,Action,7.6,474827,301959197
The Last Samurai,2003,UA,154 min,154,Action,7.7,400049,111110575
Gladiator,2000,UA,155 min,155,Action,8.5,1341460,187705427
K.G.F: Chapter 1,2018,UA,156 min,156,Action,8.2,36680,898775
Baby,2015,UA,159 min,159,Action,8,52848,1034495
Bãhubali: The Beginning,2015,UA,159 min,159,Action,8,102972,6738000
Haider,2014,UA,160 min,160,Action,8.1,50445,901610
Avatar,2009,UA,162 min,162,Action,7.8,1118998,760507625
Bajrangi Bhaijaan,2015,UA,163 min,163,Action,8,72245,8178001
The Dark Knight Rises,2012,UA,164 min,164,Action,8.4,1516346,448139099
Blade Runner 2049,2017,UA,164 min,164,Action,8,461823,92054159
Baahubali 2: The Conclusion,2017,UA,167 min,167,Action,8.2,75348,20186659
The Lord of the Rings: The Two Towers,2002,UA,179 min,179,Action,8.7,1485555,342551365
Avengers: Endgame,2019,UA,181 min,181,Action,8.4,809955,858373000
The Warriors,1979,UA,92 min,92,Action,7.6,93878,22490039
Kung fu,2004,UA,99 min,99,Action,7.7,127250,17108591
Children of Men,2006,A,109 min,109,Adventure,7.9,465113,35552383
Almost Famous,2000,A,122 min,122,Adventure,7.9,252586,32534850
Jaws,1975,A,124 min,124,Adventure,8,543388,260000000
Kakushi-toride no san-akunin,1958,A,139 min,139,Adventure,8.1,34797,1526400
Blood Diamond,2006,A,143 min,143,Adventure,8,499439,57366262
Harry Potter and the Deathly Hallows: Part 1,2010,A,146 min,146,Adventure,7.7,479120,295983305
Inglourious Basterds,2009,A,153 min,153,Adventure,8.3,1267869,120540719
Spartacus,1960,A,197 min,197,Adventure,7.9,124339,30000000
Zombieland,2009,A,88 min,88,Adventure,7.6,520041,75590286
King Kong,1933,Passed,100 min,100,Adventure,7.9,78991,10000000
The Searchers,1956,Passed,119 min,119,Adventure,7.9,80316,88500
The Treasure of the Sierra Madre,1948,Passed,126 min,126,Adventure,8.2,114304,5014000
The Gold Rush,1925,Passed,95 min,95,Adventure,8.2,101053,5450000
Stagecoach,1939,Passed,96 min,96,Adventure,7.8,43621,2616600
The Peanut Butter Falcon,2019,PG-13,97 min,97,Adventure,7.6,66346,13122642
La montaña sagrada,1973,R,114 min,114,Adventure,7.9,37183,61001
Interstate 60: Episodes of the Road,2002,R,116 min,116,Adventure,7.7,29999,151286
The Fall,2006,R,117 min,117,Adventure,7.9,107290,2280348
Fear and Loathing in Las Vegas,1998,R,118 min,118,Adventure,7.6,259753,10680275
Dead Man,1995,R,121 min,121,Adventure,7.6,90442,1037847
Into the Wild,2007,R,148 min,148,Adventure,8.1,572921,18354356
Das Boot,1981,R,149 min,149,Adventure,8.3,231855,11487676
Fitzcarraldo,1982,R,158 min,158,Adventure,8.1,31595,13783038
The Wizard of Oz,1939,U,102 min,102,Adventure,8,371379,2076020
Paddington 2,2017,U,103 min,103,Adventure,7.8,61594,40442052
"O Brother, Where Art Thou?",2000,U,107 min,107,Adventure,7.7,286742,45512588
Back to the Future Part II,1989,U,108 min,108,Adventure,7.8,481918,118500000
Deliverance,1972,U,109 min,109,Adventure,7.7,98740,7056013
Planet of the Apes,1968,U,112 min,112,Adventure,8,165167,33395426
Togo,2019,U,113 min,113,Adventure,8,37556,539940
The Goonies,1985,U,114 min,114,Adventure,7.8,244430,61503218
Back to the Future,1985,U,116 min,116,Adventure,8.5,1058081,210609762
Big Fish,2003,U,125 min,125,Adventure,8,415218,66257002
Diarios de motocicleta,2004,U,126 min,126,Adventure,7.8,96703,16756372
Life of Pi,2012,U,127 min,127,Adventure,7.9,580708,124987023
Stardust,2007,U,127 min,127,Adventure,7.6,255036,38634938
Le salaire de la peur,1953,U,131 min,131,Adventure,8.1,54588,44908200
North by Northwest,1959,U,136 min,136,Adventure,8.3,299198,13275000
Apollo 13,PG,U,140 min,140,Adventure,7.6,269197,173837933
Harry Potter and the Prisoner of Azkaban,2004,U,142 min,142,Adventure,7.9,552493,249358727
2001: A Space Odyssey,1968,U,149 min,149,Adventure,8.3,603517,56954992
Harry Potter and the Sorcerer's Stone,2001,U,152 min,152,Adventure,7.6,658185,317575550
The Great Escape,1963,U,172 min,172,Adventure,8.2,224730,12100000
Dances with Wolves,1990,U,181 min,181,Adventure,8,240266,184208848
Ben-Hur,1959,U,212 min,212,Adventure,8.1,219466,74700000
The Ten Commandments,1956,U,220 min,220,Adventure,7.9,63560,93740000
Lagaan: Once Upon a Time in India,2001,U,224 min,224,Adventure,8.1,105036,70147
Lawrence of Arabia,1962,U,228 min,228,Adventure,8.3,268085,44824144
Stand by Me,1986,U,89 min,89,Adventure,8.1,363401,52287414
The Muppet Movie,1979,U,95 min,95,Adventure,7.6,32802,76657000
The Princess Bride,1987,U,98 min,98,Adventure,8,393899,30857814
Hunt for the Wilderpeople,2016,UA,101 min,101,Adventure,7.9,111483,5202582
Nebraska,2013,UA,115 min,115,Adventure,7.7,112298,17654912
G.O.R.A.,2004,UA,127 min,127,Adventure,8,56960,74104020
Harry Potter and the Deathly Hallows: Part 2,2011,UA,130 min,130,Adventure,8.1,764493,381011219
Captain Phillips,2013,UA,134 min,134,Adventure,7.8,421244,107100855
Cast Away,2000,UA,143 min,143,Adventure,7.8,524235,233632142
The Martian,2015,UA,144 min,144,Adventure,8,760094,228433663
Queen,2013,UA,146 min,146,Adventure,8.2,60701,1429534
Harry Potter and the Goblet of Fire,2005,UA,157 min,157,Adventure,7.7,548619,290013036
The Hobbit: The Desolation of Smaug,2013,UA,161 min,161,Adventure,7.8,601408,258366855
Interstellar,2014,UA,169 min,169,Adventure,8.6,1512360,188020017
The Hobbit: An Unexpected Journey,2012,UA,169 min,169,Adventure,7.8,757377,303003568
The Grand Budapest Hotel,2014,UA,99 min,99,Adventure,8.1,707630,59100318
Koe no katachi,2016,A,130 min,130,Animation,8.1,47708,3760054
Pâfekuto burû,1997,A,81 min,81,Animation,8,58192,776665
"South Park: Bigger, Longer & Uncut",1999,A,81 min,81,Animation,7.7,192112,52037603
Mary and Max,2009,A,92 min,92,Animation,8.1,164462,1498410
Jûbê ninpûchô,1993,A,94 min,94,Animation,7.9,34529,12281700
Kaze tachinu,2013,PG-13,126 min,126,Animation,7.8,73690,5209580
Les triplettes de Belleville,2003,PG-13,80 min,80,Animation,7.8,50622,7002255
Persepolis,2007,PG-13,96 min,96,Animation,8,88656,4445756
Waking Life,2001,R,99 min,99,Animation,7.8,60684,2892011
Soul,2020,U,100 min,100,Animation,8.1,159171,14677874
Finding Nemo,2003,U,100 min,100,Animation,8.1,949565,380843261
Toy Story 4,2019,U,100 min,100,Animation,7.8,203177,434038008
The Lego Movie,2014,U,100 min,100,Animation,7.7,323982,257760692
Tangled,2010,U,100 min,100,Animation,7.7,405922,200821936
Coraline,2009,U,100 min,100,Animation,7.7,197761,75286229
Rupan sansei: Kariosutoro no shiro,1979,U,100 min,100,Animation,7.7,27014,54800200
Isle of Dogs,2018,U,101 min,101,Animation,7.9,139114,32015231
Wreck-It Ralph,2012,U,101 min,101,Animation,7.7,380195,189422889
Gake no ue no Ponyo,2008,U,101 min,101,Animation,7.7,125317,15090400
Big Hero 6,2014,U,102 min,102,Animation,7.8,410983,222527828
How to Train Your Dragon 2,2014,U,102 min,102,Animation,7.8,305611,177002924
Toy Story 3,2010,U,103 min,103,Animation,8.2,757032,415004880
Majo no takkyûbin,1989,U,103 min,103,Animation,7.8,124193,61277072
Omoide no Mânî,2014,U,103 min,103,Animation,7.7,32798,765127
Vampire Hunter D: Bloodlust,2000,U,103 min,103,Animation,7.7,29210,151086
Who Framed Roger Rabbit,1988,U,104 min,104,Animation,7.7,182009,156452370
Coco,2017,U,105 min,105,Animation,8.4,384171,209726015
Kimi no na wa.,2016,U,106 min,106,Animation,8.4,194838,5017246
Moana,2016,U,107 min,107,Animation,7.6,272784,248757044
Zootopia,2016,U,108 min,108,Animation,8,434143,341268248
Ratatouille,2007,U,111 min,111,Animation,8,641645,206445654
Mimi wo sumaseba,1995,U,111 min,111,Animation,7.9,51943,245852379
The Incredibles,2004,U,115 min,115,Animation,8,657047,261441092
Cowboy Bebop: Tengoku no tobira,2001,U,115 min,115,Animation,7.9,42897,1000045
Spider-Man: Into the Spider-Verse,2018,U,117 min,117,Animation,8.4,375110,190241310
Ôkami kodomo no Ame to Yuki,2012,U,117 min,117,Animation,8.1,38803,59100518
Kaze no tani no Naushika,1984,U,117 min,117,Animation,8.1,150924,495770
Omohide poro poro,1991,U,118 min,118,Animation,7.6,27071,453243
Hauru no ugoku shiro,2004,U,119 min,119,Animation,8.2,333915,4711096
Sen to Chihiro no kamikakushi,2001,U,125 min,125,Animation,8.6,651376,10055859
Tenkû no shiro Rapyuta,1986,U,125 min,125,Animation,8,150140,3334169
Mononoke-hime,1997,U,134 min,134,Animation,8.4,343171,2375308
Kaguyahime no monogatari,2013,U,137 min,137,Animation,8,38746,1506975
La planète sauvage,1973,U,72 min,72,Animation,7.8,25229,193817
The Nightmare Before Christmas,1993,U,76 min,76,Animation,8,300208,75082668
The Jungle Book,1967,U,78 min,78,Animation,7.6,166409,141843612
Toy Story,1995,U,81 min,81,Animation,8.3,887429,191796233
The Little Mermaid,1989,U,83 min,83,Animation,7.6,237696,111543479
Tonari no Totoro,1988,U,86 min,86,Animation,8.2,291180,1105564
The Lion King,1994,U,88 min,88,Animation,8.5,942045,422783777
Mulan,1998,U,88 min,88,Animation,7.6,256906,120620254
Hotaru no haka,1988,U,89 min,89,Animation,8.5,235231,204843550
Aladdin,1992,U,90 min,90,Animation,8,373845,217350219
Shrek,2001,U,90 min,90,Animation,7.8,613941,267665011
Papurika,2006,U,90 min,90,Animation,7.7,71379,881302
Watership Down,1978,U,91 min,91,Animation,7.6,33656,76657200
"Monsters, Inc.",2001,U,92 min,92,Animation,8.1,815505,289916256
Toy Story 2,1999,U,92 min,92,Animation,7.9,527512,245852179
Kurenai no buta,1992,U,94 min,94,Animation,7.7,77798,48170108
Kari-gurashi no Arietti,2010,U,94 min,94,Animation,7.6,80939,19202743
Inside Out,2015,U,95 min,95,Animation,8.1,616228,356461711
Despicable Me,2010,U,95 min,95,Animation,7.6,500851,251513985
Up,2009,U,96 min,96,Animation,8.2,935507,293004164
WALL·E,2008,U,98 min,98,Animation,8.4,999790,223808164
How to Train Your Dragon,2010,U,98 min,98,Animation,8.1,666773,217581231
Toki o kakeru shôjo,2006,U,98 min,98,Animation,7.7,60368,35740002
Incredibles 2,2018,UA,118 min,118,Animation,7.6,250057,608581744
Akira,1988,UA,124 min,124,Animation,8,164918,553171
The Secret of Kells,2009,UA,71 min,71,Animation,7.6,31779,686383
Kôkaku Kidôtai,1995,UA,83 min,83,Animation,8,129231,515905
"Shin seiki Evangelion Gekijô-ban: Air/Magokoro wo, kimi ni",1997,UA,87 min,87,Animation,8.1,38847,5384034
Tôkyô goddofâzâzu,2003,UA,90 min,90,Animation,7.8,31658,128985
Loving Vincent,2017,UA,94 min,94,Animation,7.8,50778,6735118
Klaus,2019,UA,96 min,96,Animation,8.2,104761,342570
Argo,2012,A,120 min,120,Biography,7.7,572581,136025503
Midnight Express,1978,A,121 min,121,Biography,7.6,73662,35000000
Ayla: The Daughter of War,2017,A,125 min,125,Biography,8.4,34112,19381
Donnie Brasco,1997,A,127 min,127,Biography,7.7,279318,41909762
Raging Bull,1980,A,129 min,129,Biography,8.2,321860,23383987
Spotlight,2015,A,129 min,129,Biography,8.1,420316,45055776
The Big Short,2015,A,130 min,130,Biography,7.8,362942,70259870
Serpico,1973,A,130 min,130,Biography,7.7,109941,29800000
12 Years a Slave,2013,A,134 min,134,Biography,8.1,640533,56671993
Just Mercy,2019,A,137 min,137,Biography,7.6,46739,566556
Hacksaw Ridge,2016,A,139 min,139,Biography,8.1,435928,67209615
Catch Me If You Can,2002,A,141 min,141,Biography,8.1,832846,164615351
Goodfellas,1990,A,146 min,146,Biography,8.7,1020727,46836394
Ray,2004,A,152 min,152,Biography,7.7,138356,75331600
American Gangster,2007,A,157 min,157,Biography,7.8,392449,130164645
Braveheart,1995,A,178 min,178,Biography,8.3,959181,75600000
The Wolf of Wall Street,2013,A,180 min,180,Biography,8.2,1187498,116900694
Schindler's List,1993,A,195 min,195,Biography,8.9,1213505,96898818
La passion de Jeanne d'Arc,1928,Passed,110 min,110,Biography,8.1,47676,21877
Inherit the Wind,1960,Passed,128 min,128,Biography,8.1,27254,102821
Le scaphandre et le papillon,2007,PG-13,112 min,112,Biography,8,103284,5990075
Hotel Rwanda,2004,PG-13,121 min,121,Biography,8.1,334320,23530892
Dark Waters,2019,PG-13,126 min,126,Biography,7.6,60408,76408297
Moneyball,2011,PG-13,133 min,133,Biography,7.6,369529,75605492
Walk the Line,2005,PG-13,136 min,136,Biography,7.8,234207,119519402
La Vie En Rose,2007,PG-13,140 min,140,Biography,7.6,82781,10301706
Hamilton,2020,PG-13,160 min,160,Biography,8.6,55291,12563
Philomena,2013,PG-13,98 min,98,Biography,7.6,94212,37707719
Dallas Buyers Club,2013,R,117 min,117,Biography,8,441614,27298285
Pride,2014,R,119 min,119,Biography,7.8,51841,108101414
Glory,1989,R,122 min,122,Biography,7.8,122779,26830000
Frost/Nixon,2008,R,122 min,122,Biography,7.7,103330,18593156
Control,2007,R,122 min,122,Biography,7.7,61609,871577
The Last King of Scotland,2006,R,123 min,123,Biography,7.7,175355,17605861
Blow,2001,R,124 min,124,Biography,7.6,240714,52990775
Changeling,2008,R,141 min,141,Biography,7.7,239203,35739802
The Hurricane,1999,R,146 min,146,Biography,7.6,91557,50668906
Straight Outta Compton,2015,R,147 min,147,Biography,7.8,179264,161197785
The Pianist,2002,R,150 min,150,Biography,8.5,729603,32572577
Papillon,1973,R,151 min,151,Biography,8,121627,53267000
Der Untergang,2004,R,156 min,156,Biography,8.2,331308,5509040
Amadeus,1984,R,160 min,160,Biography,8.3,369007,51973029
Andrei Rublev,1966,R,205 min,205,Biography,8.1,46947,102021
The Irishman,2019,R,209 min,209,Biography,7.9,324720,7000000
My Left Foot: The Story of Christy Brown,1989,U,103 min,103,Biography,7.9,68076,14743391
Shine,1996,U,105 min,105,Biography,7.7,51350,35811509
Finding Neverland,2004,U,106 min,106,Biography,7.6,198677,51680613
Il postino,1994,U,108 min,108,Biography,7.7,33600,21848932
The Straight Story,1999,U,112 min,112,Biography,8,82002,6203044
Remember the Titans,2000,U,113 min,113,Biography,7.8,198089,115654751
The Pursuit of Happyness,2006,U,117 min,117,Biography,8,448930,163566459
Lion,2016,U,118 min,118,Biography,8,213970,51739495
The King's Speech,2010,U,118 min,118,Biography,8,639603,138797449
A Man for All Seasons,1966,U,120 min,120,Biography,7.7,31222,28350000
Awakenings,1990,U,121 min,121,Biography,7.8,125276,52096475
The Theory of Everything,2014,U,123 min,123,Biography,7.7,404182,35893537
Dog Day Afternoon,1975,U,125 min,125,Biography,8,235652,50000000
Mar adentro,2014,U,126 min,126,Biography,8,77554,2086345
The World's Fastest Indian,2005,U,127 min,127,Biography,7.8,51980,5128124
Ed Wood,1994,U,127 min,127,Biography,7.8,164937,5887457
All the President's Men,1976,U,138 min,138,Biography,7.9,103031,70600000
The Last Emperor,1987,U,163 min,163,Biography,7.7,94326,43984230
The Sound of Music,1965,U,172 min,172,Biography,8,205425,163214286
Patton,1970,U,172 min,172,Biography,7.9,93741,61700000
M.S. Dhoni: The Untold Story,2016,U,184 min,184,Biography,7.8,40416,1782795
Bhaag Milkha Bhaag,2013,U,186 min,186,Biography,8.2,61137,1626289
Gandhi,1982,U,191 min,191,Biography,8,217664,52767889
Malcolm X,1992,U,202 min,202,Biography,7.7,85819,48169908
The Intouchables,2011,UA,112 min,112,Biography,8.5,760360,13182281
The Imitation Game,2014,UA,114 min,114,Biography,8,685201,91125683
The Fighter,2010,UA,116 min,116,Biography,7.8,340584,93617009
The Social Network,2010,UA,120 min,120,Biography,7.7,624982,96962694
The Elephant Man,1980,UA,124 min,124,Biography,8.1,220078,4971540
Hidden Figures,2016,UA,127 min,127,Biography,7.8,200876,169607287
The Blind Side,2009,UA,129 min,129,Biography,7.6,293266,255959475
Green Book,2018,UA,130 min,130,Biography,8.2,377884,85080171
In the Name of the Father,1993,UA,133 min,133,Biography,8.1,156842,25010410
Bohemian Rhapsody,2018,UA,134 min,134,Biography,8,450349,216428042
A Beautiful Mind,2001,UA,135 min,135,Biography,8.2,848920,170742341
The Killing Fields,1984,UA,141 min,141,Biography,7.8,51585,34700291
Cinderella Man,2005,UA,144 min,144,Biography,8,176151,61649911
The Insider,1999,UA,157 min,157,Biography,7.8,159886,28965197
American Psycho,2000,A,101 min,101,Comedy,7.6,490062,15070285
Young Frankenstein,1974,A,106 min,106,Comedy,8,143359,86300000
The Graduate,1967,A,106 min,106,Comedy,8,253676,104945305
Guess Who's Coming to Dinner,1967,A,108 min,108,Comedy,7.8,39642,56700000
Vizontele,2001,A,110 min,110,Comedy,8,33592,66257402
The Royal Tenenbaums,2001,A,110 min,110,Comedy,7.6,266842,52364010
The Long Goodbye,1973,A,112 min,112,Comedy,7.6,26337,959000
"Three Billboards Outside Ebbing, Missouri",2017,A,115 min,115,Comedy,8.2,432610,54513740
Breakfast at Tiffany's,1961,A,115 min,115,Comedy,7.6,166544,1378835
Roman Holiday,1953,A,118 min,118,Comedy,8,127256,654400
Birdman or (The Unexpected Virtue of Ignorance),2014,A,119 min,119,Comedy,7.7,580291,42340598
Silver Linings Playbook,2012,A,122 min,122,Comedy,7.7,661871,132092958
La La Land,2016,A,128 min,128,Comedy,8,505918,151101803
Gisaengchung,2019,A,132 min,132,Comedy,8.6,552778,53367844
As Good as It Gets,1997,A,139 min,139,Comedy,7.7,275755,148478011
Once Upon a Time... in Hollywood,2019,A,161 min,161,Comedy,7.6,551309,142502728
La dolce vita,1960,A,174 min,174,Comedy,8,66621,19516000
The Kid,1921,A,68 min,68,Comedy,8.3,113314,5450000
Duck Soup,1933,A,69 min,69,Comedy,7.8,55581,2617000
Annie Hall,1977,A,93 min,93,Comedy,8,251823,39200000
Blazing Saddles,1974,A,93 min,93,Comedy,7.7,125993,119500000
Moonrise Kingdom,2012,A,94 min,94,Comedy,7.8,318789,45512466
Dr. Strangelove or: How I Learned to Stop Worrying and Love the Bomb,1964,A,95 min,95,Comedy,8.4,450474,275902
Bringing Up Baby,1938,Passed,102 min,102,Comedy,7.8,55163,2616800
Sabrina,1954,Passed,113 min,113,Comedy,7.7,59415,53109
The Great Dictator,1940,Passed,125 min,125,Comedy,8.4,203150,288475
Mr. Smith Goes to Washington,1939,Passed,129 min,129,Comedy,8.1,107017,9600000
The Quiet Man,1952,Passed,129 min,129,Comedy,7.7,34677,10550000
The Circus,1928,Passed,72 min,72,Comedy,8.1,30205,4360200
His Girl Friday,1940,Passed,92 min,92,Comedy,7.9,53667,296000
A Night at the Opera,1935,Passed,96 min,96,Comedy,7.9,30580,2537520
To Be or Not to Be,1942,Passed,99 min,99,Comedy,8.2,29915,10377
Crimes and Misdemeanors,1989,PG-13,104 min,104,Comedy,7.9,54670,18254702
Me and Earl and the Dying Girl,2015,PG-13,105 min,105,Comedy,7.7,123210,6743776
Sing Street,2016,PG-13,106 min,106,Comedy,7.9,85109,3237118
Hannah and Her Sisters,1986,PG-13,107 min,107,Comedy,7.9,67176,40084041
En man som heter Ove,2015,PG-13,116 min,116,Comedy,7.7,47444,3358518
Le dîner de cons,1998,PG-13,80 min,80,Comedy,7.7,37424,4065116
Midnight in Paris,2011,PG-13,96 min,96,Comedy,7.7,388089,56816662
50/50,2011,R,100 min,100,Comedy,7.6,315426,35014192
In Bruges,2008,R,107 min,107,Comedy,7.9,390334,7757130
Down by Law,1986,R,107 min,107,Comedy,7.8,47834,1436000
Withnail & I,1987,R,107 min,107,Comedy,7.7,40396,1544889
Being John Malkovich,1999,R,113 min,113,Comedy,7.7,312542,22858926
Adaptation.,2002,R,115 min,115,Comedy,7.7,178565,22245861
The Big Lebowski,1998,R,117 min,117,Comedy,8.1,732620,17498804
Captain Fantastic,2016,R,118 min,118,Comedy,7.9,189400,5875006
Do the Right Thing,1989,R,120 min,120,Comedy,8,89429,27545445
Good Bye Lenin!,2003,R,121 min,121,Comedy,7.7,137981,4064200
Relatos salvajes,2014,R,122 min,122,Comedy,8.1,177059,3107072
Amarcord,1973,R,123 min,123,Comedy,7.9,39897,70600200
About Time,2013,R,123 min,123,Comedy,7.8,303032,15322921
"Crna macka, beli macor",1998,R,127 min,127,Comedy,8.1,50862,348660
Night on Earth,1991,R,129 min,129,Comedy,7.8,55362,2015810
Dom za vesanje,1988,R,142 min,142,Comedy,8.2,26402,280015
Short Cuts,1993,R,188 min,188,Comedy,7.7,42275,6110979
This Is Spinal Tap,1984,R,82 min,82,Comedy,7.9,128812,188751
What We Do in the Shadows,2014,R,86 min,86,Comedy,7.7,157498,3333000
Office Space,1999,R,89 min,89,Comedy,7.7,241575,10824921
The Station Agent,2003,R,89 min,89,Comedy,7.6,67370,5739376
Clerks,1994,R,92 min,92,Comedy,7.7,211450,3151130
Jeux d'enfants,2003,R,93 min,93,Comedy,7.6,67360,548707
Life of Brian,1979,R,94 min,94,Comedy,8.1,367250,20045115
Adams æbler,2005,R,94 min,94,Comedy,7.8,45717,1305
Hedwig and the Angry Inch,2001,R,95 min,95,Comedy,7.7,31957,3029081
Manhattan,1979,R,96 min,96,Comedy,7.9,131436,45700000
No Man's Land,2001,R,98 min,98,Comedy,7.9,44618,1059830
Delicatessen,1991,R,99 min,99,Comedy,7.6,80487,1794187
The Artist,2011,U,100 min,100,Comedy,7.9,230624,44671682
Groundhog Day,1993,U,101 min,101,Comedy,8,577991,70906973
The Sandlot,1993,U,101 min,101,Comedy,7.8,78963,32416586
Chung Hing sam lam,1994,U,102 min,102,Comedy,8.1,63122,600200
Paper Moon,1973,U,102 min,102,Comedy,8.1,42285,30933743
Dazed and Confused,1993,U,102 min,102,Comedy,7.6,165465,7993039
The Truman Show,1998,U,103 min,103,Comedy,8.1,939631,125618201
Ferris Bueller's Day Off,1986,U,103 min,103,Comedy,7.8,321382,70136369
Home Alone,1990,U,103 min,103,Comedy,7.6,488817,285761243
Kind Hearts and Coronets,1949,U,106 min,106,Comedy,8,34485,8000200
The King of Comedy,1982,U,109 min,109,Comedy,7.8,88511,2500000
Charade,1963,U,113 min,113,Comedy,7.9,68689,13474588
La vita è bella,1997,U,116 min,116,Comedy,8.6,623629,57598247
Barton Fink,1991,U,116 min,116,Comedy,7.7,113240,6153939
Some Like It Hot,1959,U,121 min,121,Comedy,8.2,243943,25000000
Amélie,2001,U,122 min,122,Comedy,8.3,703810,33225499
The Apartment,1960,U,125 min,125,Comedy,8.3,164363,18600000
OMG: Oh My God!,2012,U,125 min,125,Comedy,8.1,51739,923221
Dead Poets Society,1989,U,128 min,128,Comedy,8.1,425457,95860116
The Sting,1973,U,129 min,129,Comedy,8.3,241513,159600000
English Vinglish,2012,U,134 min,134,Comedy,7.8,33618,1670773
Secrets & Lies,1996,U,136 min,136,Comedy,8,37564,13417292
Marriage Story,2019,U,137 min,137,Comedy,7.9,246644,2000000
Jab We Met,2007,U,138 min,138,Comedy,7.9,47720,410800
Mary Poppins,1964,U,139 min,139,Comedy,7.8,158029,102272727
Lage Raho Munna Bhai,2006,U,144 min,144,Comedy,8.1,43137,2217561
Barfi!,2012,U,151 min,151,Comedy,8.1,75721,2804874
Zindagi Na Milegi Dobara,2011,U,155 min,155,Comedy,8.1,67927,3108485
Munna Bhai M.B.B.S.,2003,U,156 min,156,Comedy,8.1,73992,1111261
Kal Ho Naa Ho,2003,U,186 min,186,Comedy,8,63460,1787378
The Purple Rose of Cairo,1985,U,82 min,82,Comedy,7.7,47102,10631333
The Naked Gun: From the Files of Police Squad!,1988,U,85 min,85,Comedy,7.6,152871,78756177
A Hard Day's Night,1964,U,87 min,87,Comedy,7.6,40351,13780024
Airplane!,1980,U,88 min,88,Comedy,7.7,214882,83400000
Trois couleurs: Blanc,1994,U,92 min,92,Comedy,7.6,64390,1464625
A Christmas Story,1983,U,93 min,93,Comedy,7.9,132947,20605209
"Planes, Trains & Automobiles",1987,U,93 min,93,Comedy,7.6,124773,49530280
The Hangover,2009,UA,100 min,100,Comedy,7.7,717559,277322503
Dil Bechara,2020,UA,101 min,101,Comedy,7.9,111478,51170
Little Miss Sunshine,2006,UA,101 min,101,Comedy,7.8,439856,59891098
Lost in Translation,2003,UA,102 min,102,Comedy,7.7,415074,44585453
Snatch,2000,UA,104 min,104,Comedy,8.3,782001,30328156
Jojo Rabbit,2019,UA,108 min,108,Comedy,7.9,297918,349555
La règle du jeu,1939,UA,110 min,110,Comedy,8,26725,55200
The Philadelphia Story,1940,UA,112 min,112,Comedy,7.9,63550,6540200
Druk,2020,UA,117 min,117,Comedy,7.8,33931,10095370
Arsenic and Old Lace,1942,UA,118 min,118,Comedy,8,65101,4360200
Stalag 17,1953,UA,120 min,120,Comedy,8,51046,17570924
My Cousin Vinny,1992,UA,120 min,120,Comedy,7.6,107325,52929168
Badhaai ho,2018,UA,124 min,124,Comedy,8,27978,1034095
Vicky Donor,2012,UA,126 min,126,Comedy,7.8,39710,169209
C.R.A.Z.Y.,2005,UA,129 min,129,Comedy,7.9,31476,124987223
Knives Out,2019,UA,130 min,130,Comedy,7.9,454203,165359751
Naked,1993,UA,132 min,132,Comedy,7.8,34635,1769305
Happiness,1998,UA,134 min,134,Comedy,7.7,66408,2807390
Yeopgijeogin geunyeo,2001,UA,137 min,137,Comedy,8,45403,66257202
Chhichhore,2019,UA,143 min,143,Comedy,8.2,33893,898575
PK,2014,UA,153 min,153,Comedy,8.1,163061,10616104
Rang De Basanti,2006,UA,167 min,167,Comedy,8.2,111937,2197331
3 Idiots,2009,UA,170 min,170,Comedy,8.4,344445,6532908
Underground,1995,UA,170 min,170,Comedy,8.1,55220,171082
The Ladykillers,1955,UA,91 min,91,Comedy,7.7,26464,4905400
Rushmore,1998,UA,93 min,93,Comedy,7.7,169229,17105219
(500) Days of Summer,2009,UA,95 min,95,Comedy,7.7,472242,32391374
When Harry Met Sally...,1989,UA,95 min,95,Comedy,7.6,195663,92823600
Miracle on 34th Street,1947,UA,96 min,96,Comedy,7.9,41625,2650000
Perfetti sconosciuti,2016,UA,96 min,96,Comedy,7.8,57168,2402267
The Breakfast Club,1985,UA,97 min,97,Comedy,7.8,357026,45875171
After Hours,1985,UA,97 min,97,Comedy,7.7,59635,10600000
The Shop Around the Corner,1940,UA,99 min,99,Comedy,8.1,28450,203300
Shaun of the Dead,2004,UA,99 min,99,Comedy,7.9,512249,13542874
Do lok tin si,1995,UA,99 min,99,Comedy,7.7,26429,4414735
Drive,2011,A,100 min,100,Crime,7.8,571571,35061555
Strangers on a Train,1951,A,101 min,101,Crime,7.9,123341,7630000
Once Were Warriors,1994,A,102 min,102,Crime,7.9,31590,2201126
Hana-bi,1997,A,103 min,103,Crime,7.8,27712,233986
Dial M for Murder,1954,A,105 min,105,Crime,8.2,158335,12562
The Usual Suspects,1995,A,106 min,106,Crime,8.5,991208,23341568
Double Indemnity,1944,A,107 min,107,Crime,8.3,143525,5720000
On the Waterfront,1954,A,108 min,108,Crime,8.1,142107,9600000
Funny Games,1997,A,108 min,108,Crime,7.6,65058,120620454
Boyz n the Hood,1991,A,112 min,112,Crime,7.8,126082,57504069
Taxi Driver,1976,A,114 min,114,Crime,8.3,724636,28262574
Les diaboliques,1955,A,117 min,117,Crime,8,61503,654200
Nightcrawler,2014,A,117 min,117,Crime,7.9,466134,32381218
Road to Perdition,2002,A,117 min,117,Crime,7.7,246840,104454762
The Silence of the Lambs,1991,A,118 min,118,Crime,8.6,1270197,130742922
Du rififi chez les hommes,1955,A,118 min,118,Crime,8.2,28810,57226
The Untouchables,1987,A,119 min,119,Crime,7.9,281842,76270454
Manbiki kazoku,2018,A,121 min,121,Crime,7.9,62754,3313513
Joker,2019,A,122 min,122,Crime,8.5,939252,335451311
Training Day,2001,A,122 min,122,Crime,7.7,390247,76631907
Sin City,2005,A,124 min,124,Crime,8,738512,74103820
Se7en,1995,A,127 min,127,Crime,8.6,1445096,100125643
Cool Hand Luke,1967,A,127 min,127,Crime,8.1,161984,16217773
Mississippi Burning,1988,A,128 min,128,Crime,7.8,88214,34603943
Primal Fear,1996,A,129 min,129,Crime,7.7,189716,56116183
Cidade de Deus,2002,A,130 min,130,Crime,8.6,699256,7563397
A Clockwork Orange,1971,A,136 min,136,Crime,8.3,757904,6207725
L.A. Confidential,1997,A,138 min,138,Crime,8.2,531967,64616940
Mystic River,2003,A,138 min,138,Crime,7.9,419420,90135191
The Day of the Jackal,1973,A,143 min,143,Crime,7.8,37445,16056255
Carlito's Way,1993,A,144 min,144,Crime,7.9,201000,36948322
The Departed,2006,A,151 min,151,Crime,8.5,1189773,132384315
Prisoners,2013,A,153 min,153,Crime,8.1,601149,61002302
Pulp Fiction,1994,A,154 min,154,Crime,8.9,1826188,107928762
Un prophète,2009,A,155 min,155,Crime,7.9,93560,2084637
Bir Zamanlar Anadolu'da,2011,A,157 min,157,Crime,7.9,41995,138730
The Godfather: Part III,1990,A,162 min,162,Crime,7.6,359809,66666062
The Hateful Eight,2015,A,168 min,168,Crime,7.8,517059,54117416
Scarface,1983,A,170 min,170,Crime,8.3,740911,45598982
Heat,1995,A,170 min,170,Crime,8.2,577113,67436818
The Godfather,1972,A,175 min,175,Crime,9.2,1620367,134966411
Casino,1995,A,178 min,178,Crime,8.2,466276,42438300
The Green Mile,1999,A,189 min,189,Crime,8.6,1147794,136801374
The Godfather: Part II,1974,A,202 min,202,Crime,9,1129952,57300000
Once Upon a Time in America,1984,A,229 min,229,Crime,8.4,311365,5321508
Rope,1948,A,80 min,80,Crime,8,129783,654800
Dead Man's Shoes,2004,A,90 min,90,Crime,7.6,49728,6013
Fargo,1996,A,98 min,98,Crime,8.1,617444,24611975
Les quatre cents coups,1959,A,99 min,99,Crime,8.1,105291,1526200
Blood Simple,1984,A,99 min,99,Crime,7.6,87745,2150000
The Big Sleep,1946,Passed,114 min,114,Crime,7.9,78796,6540000
Touch of Evil,1958,PG-13,95 min,95,Crime,8,98431,2237659
Glengarry Glen Ross,1992,R,100 min,100,Crime,7.7,95826,10725228
Wind River,2017,R,107 min,107,Crime,7.7,205444,33800859
Lilja 4-ever,2002,R,109 min,109,Crime,7.8,42673,181655
Låt den rätte komma in,2008,R,114 min,114,Crime,7.9,205609,2122065
Nueve reinas,2000,R,114 min,114,Crime,7.9,49721,1221261
Gone Baby Gone,2007,R,114 min,114,Crime,7.6,250590,20300218
Miller's Crossing,1990,R,115 min,115,Crime,7.7,125822,5080409
True Romance,1993,R,119 min,119,Crime,7.9,206918,12281500
A Bronx Tale,1993,R,121 min,121,Crime,7.8,128171,17266971
No Country for Old Men,2007,R,122 min,122,Crime,8.1,856916,74283625
Madeo,2009,R,129 min,129,Crime,7.8,52758,547292
Inside Man,2006,R,129 min,129,Crime,7.6,339757,88513495
Boksuneun naui geot,2002,R,129 min,129,Crime,7.6,62659,45289
Der Name der Rose,1986,R,130 min,130,Crime,7.7,102031,7153487
La migliore offerta,2013,R,131 min,131,Crime,7.8,108399,85433
Leviafan,2014,R,140 min,140,Crime,7.6,49397,1092800
Män som hatar kvinnor,2009,R,152 min,152,Crime,7.8,208994,10095170
The Girl with the Dragon Tattoo,2011,R,158 min,158,Crime,7.8,423010,102515793
Dogville,2003,R,178 min,178,Crime,8,137963,1530386
Bound by Honor,1993,R,180 min,180,Crime,8,28825,4496583
Reservoir Dogs,1992,R,99 min,99,Crime,8.3,918562,2832029
In the Heat of the Night,1967,U,110 min,110,Crime,7.9,67804,24379978
Witness for the Prosecution,1957,U,116 min,116,Crime,8.4,108862,8175000
M - Eine Stadt sucht einen Mörder,1931,U,117 min,117,Crime,8.3,143434,28877
Eskiya,1996,U,128 min,128,Crime,8.2,64118,3897769
To Kill a Mockingbird,1962,U,129 min,129,Crime,8.2,293811,1229397
Dancer in the Dark,2000,U,140 min,140,Crime,8,102285,4184036
Tengoku to jigoku,1963,U,143 min,143,Crime,8.4,34357,78900200
Drishyam,2013,U,160 min,160,Crime,8.3,30722,288875
Bin-jip,2004,U,88 min,88,Crime,8,50610,238507
À bout de souffle,1960,U,90 min,90,Crime,7.8,73251,336705
12 Angry Men,1957,U,96 min,96,Crime,9,689845,4360000
This Is England,2006,UA,101 min,101,Crime,7.7,115576,327919
Crash,2004,UA,112 min,112,Crime,7.7,419483,54580300
Ocean's Eleven,2001,UA,116 min,116,Crime,7.7,516372,183417150
21 Grams,2003,UA,124 min,124,Crime,7.6,224545,16290476
Death Note: Desu nôto,2006,UA,126 min,126,Crime,7.7,28630,1752414
Salinui chueok,2003,UA,131 min,131,Crime,8.1,139558,14131
Talvar,2015,UA,132 min,132,Crime,8.2,31142,342370
Victoria,2015,UA,138 min,138,Crime,7.6,52903,24801412
Andhadhun,2018,UA,139 min,139,Crime,8.3,71875,1373943
Special Chabbis,2013,UA,144 min,144,Crime,8,51069,1079369
Sleepers,1996,UA,147 min,147,Crime,7.6,186734,49100000
Zodiac,2007,UA,157 min,157,Crime,7.7,466080,33080084
Anatomy of a Murder,1959,UA,161 min,161,Crime,8,59847,11900000
Drishyam,2015,UA,163 min,163,Crime,8.2,70367,739478
Lola rennt,1998,UA,81 min,81,Crime,7.6,188317,7267585
The 39 Steps,1935,UA,86 min,86,Crime,7.6,51853,30500200
Rashômon,1950,UA,88 min,88,Crime,8.2,152572,96568
The Night of the Hunter,1955,UA,92 min,92,Crime,8,81980,654000
Out of the Past,1947,UA,97 min,97,Crime,8,32784,8000400
La haine,1995,UA,98 min,98,Crime,8.1,150345,309811
Belle de jour,1967,A,100 min,100,Drama,7.7,40274,26331
Peeping Tom,1960,A,101 min,101,Drama,7.7,31354,83957
Requiem for a Dream,2000,A,102 min,102,Drama,8.3,766870,3635482
Tumbbad,2018,A,104 min,104,Drama,8.3,27793,288675
Kramer vs. Kramer,1979,A,105 min,105,Drama,7.8,133351,106260000
Jules et Jim,1962,A,105 min,105,Drama,7.8,37605,102272927
Repulsion,1965,A,105 min,105,Drama,7.7,48883,26531
Whiplash,2014,A,106 min,106,Drama,8.5,717585,13092000
Y tu mamá también,2001,A,106 min,106,Drama,7.6,115827,13622333
The Sixth Sense,1999,A,107 min,107,Drama,8.1,911573,293506292
Black Swan,2010,A,108 min,108,Drama,8,699673,106954678
Cat on a Hot Tin Roof,1958,A,108 min,108,Drama,8,45062,17570324
La Strada,1954,A,108 min,108,Drama,8,58314,17570724
Le notti di Cabiria,1957,A,110 min,110,Drama,8.1,42940,752045
Kumonosu-jô,1957,A,110 min,110,Drama,8.1,46678,1526600
The Florida Project,2017,A,111 min,111,Drama,7.6,95181,5904366
Blowup,1966,A,111 min,111,Drama,7.6,56513,1378635
"4 luni, 3 saptamâni si 2 zile",2007,A,113 min,113,Drama,7.9,56625,1185783
Midnight Cowboy,1969,A,113 min,113,Drama,7.8,101124,44785053
28 Days Later...,2002,A,113 min,113,Drama,7.6,376853,45064915
The Birds,1963,A,119 min,119,Drama,7.7,171739,11403529
Platoon,1986,A,120 min,120,Drama,8.1,381222,138530565
Blue Velvet,1986,A,120 min,120,Drama,7.7,181285,8551228
A Streetcar Named Desire,1951,A,122 min,122,Drama,8,99182,8000000
Auf der anderen Seite,2007,A,122 min,122,Drama,7.8,30827,741283
All That Jazz,1979,A,123 min,123,Drama,7.9,28223,37823676
The Notebook,2004,A,123 min,123,Drama,7.8,520284,81001787
Cabaret,1972,A,124 min,124,Drama,7.8,48334,42765000
Capharnaüm,2018,A,126 min,126,Drama,8.4,62635,1661096
Her,2013,A,126 min,126,Drama,8,540772,25568251
Unforgiven,1992,A,130 min,130,Drama,8.2,375935,101157447
Who's Afraid of Virginia Woolf?,1966,A,131 min,131,Drama,8,68926,33395626
Enemy at the Gates,2001,A,131 min,131,Drama,7.6,243729,51401758
One Flew Over the Cuckoo's Nest,1975,A,133 min,133,Drama,8.7,918088,112000000
Creed,2015,A,133 min,133,Drama,7.6,247666,109767581
The Hustler,1961,A,134 min,134,Drama,8,75067,8284000
Brokeback Mountain,2005,A,134 min,134,Drama,7.7,323103,83043761
The Red Shoes,1948,A,135 min,135,Drama,8.1,30935,10900000
The Bridges of Madison County,1995,A,135 min,135,Drama,7.6,73172,71516617
The Lives of Others,2006,A,137 min,137,Drama,8.4,358685,11286112
Rosemary's Baby,1968,A,137 min,137,Drama,8,193674,542140
Beasts of No Nation,2015,A,137 min,137,Drama,7.7,73964,83861
8½,1963,A,138 min,138,Drama,8,108844,50690
Fight Club,1999,A,139 min,139,Drama,8.8,1854740,37030102
The Shawshank Redemption,1994,A,142 min,142,Drama,9.3,2343110,28341469
Idi i smotri,1985,A,142 min,142,Drama,8.3,59056,2832229
Ikiru,1952,A,143 min,143,Drama,8.3,68463,55240
Dev.D,2009,A,144 min,144,Drama,8,28749,10950
Black Hawk Down,2001,A,144 min,144,Drama,7.7,364254,108638745
Ah-ga-ssi,2016,A,145 min,145,Drama,8.1,113649,2006788
The Shining,1980,A,146 min,146,Drama,8.4,898237,44017374
Gone Girl,2014,A,149 min,149,Drama,8.1,859695,167767189
Amores perros,2000,A,154 min,154,Drama,8.1,223741,5383834
There Will Be Blood,2007,A,158 min,158,Drama,8.2,517359,40222514
Django Unchained,2012,A,165 min,165,Drama,8.4,1357682,162805434
Boyhood,2014,A,165 min,165,Drama,7.9,335533,25379975
The Thin Red Line,1998,A,170 min,170,Drama,7.6,172710,36400491
Judgment at Nuremberg,1961,A,179 min,179,Drama,8.2,69458,1229597
La vie d'Adèle,2013,A,180 min,180,Drama,7.7,138741,2199675
The Deer Hunter,1978,A,183 min,183,Drama,8.1,311361,48979328
Fanny och Alexander,1982,A,188 min,188,Drama,8.1,57784,4971340
Doctor Zhivago,1965,A,197 min,197,Drama,8,69903,111722000
Bride of Frankenstein,1935,A,75 min,75,Drama,7.8,43542,4360000
Vivre sa vie: Film en douze tableaux,1962,A,80 min,80,Drama,8,28057,14500200
Persona,1966,A,85 min,85,Drama,8.1,103191,39681
Mandariinid,2013,A,87 min,87,Drama,8.2,40382,144501
Paths of Glory,1957,A,88 min,88,Drama,8.4,178092,276102
Ladri di biciclette,1948,A,89 min,89,Drama,8.3,146427,332930
Jungfrukällan,1960,A,89 min,89,Drama,8.1,26697,1526000
Les yeux sans visage,1960,A,90 min,90,Drama,7.7,27620,52709
Viskningar och rop,1972,A,91 min,91,Drama,8.1,30206,1742348
Trainspotting,1996,A,93 min,93,Drama,8.1,634716,16501785
In a Lonely Place,1950,A,94 min,94,Drama,8,26784,654600
El ángel exterminador,1962,A,95 min,95,Drama,8.1,29682,102221
Det sjunde inseglet,1957,A,96 min,96,Drama,8.2,164939,25000200
Detachment,2011,A,98 min,98,Drama,7.7,77071,71177
The Lost Weekend,1945,Passed,101 min,101,Drama,7.9,33549,9460000
Cape Fear,1962,Passed,106 min,106,Drama,7.7,26457,51081262
Sunset Blvd.,1950,Passed,110 min,110,Drama,8.4,201632,276302
From Here to Eternity,1953,Passed,118 min,118,Drama,7.6,43374,30500000
The Grapes of Wrath,1940,Passed,129 min,129,Drama,8,85559,55000
What Ever Happened to Baby Jane?,1962,Passed,134 min,134,Drama,8.1,50058,4050000
All About Eve,1950,Passed,138 min,138,Drama,8.2,120539,10177
Frankenstein,1931,Passed,70 min,70,Drama,7.8,65341,2617200
Laura,1944,Passed,88 min,88,Drama,8,42725,4360000
Sunrise: A Song of Two Humans,1927,Passed,94 min,94,Drama,8.1,46865,539540
Gifted,2017,PG-13,101 min,101,Drama,7.6,99643,24801212
The Visitor,2007,PG-13,104 min,104,Drama,7.6,41544,9422422
In America,2002,PG-13,105 min,105,Drama,7.7,40403,15539266
True Grit,2010,PG-13,110 min,110,Drama,7.6,311822,171243005
Rebel Without a Cause,1955,PG-13,111 min,111,Drama,7.7,83363,52909
Joyeux Noël,2005,PG-13,116 min,116,Drama,7.7,28003,1054361
Jodaeiye Nader az Simin,2011,PG-13,123 min,123,Drama,8.3,220002,7098492
The Manchurian Candidate,1962,PG-13,126 min,126,Drama,7.9,71122,24380178
Okuribito,2008,PG-13,130 min,130,Drama,8.1,48582,1498210
Le passé,2013,PG-13,130 min,130,Drama,7.8,45002,1330596
Fried Green Tomatoes,1991,PG-13,130 min,130,Drama,7.7,66941,82418501
I Am Sam,2001,PG-13,132 min,132,Drama,7.7,142863,40311852
Hamlet,1996,PG-13,242 min,242,Drama,7.7,35991,4414535
The Boy in the Striped Pyjamas,2008,PG-13,94 min,94,Drama,7.8,190748,9030581
Les choristes,2004,PG-13,97 min,97,Drama,7.9,57430,3635164
Mustang,2015,PG-13,97 min,97,Drama,7.6,35785,845464
Under sandet,2015,R,100 min,100,Drama,7.8,35539,435266
Before Sunrise,1995,R,101 min,101,Drama,8.1,272291,5535405
Todo sobre mi madre,1999,R,101 min,101,Drama,7.8,89058,8264530
The Machinist,2004,R,101 min,101,Drama,7.7,358432,1082715
Bom Yeoareum Gaeul Gyeoul Geurigo Bom,2003,R,103 min,103,Drama,8,77520,2380788
Festen,1998,R,105 min,105,Drama,8,78341,1647780
Mysterious Skin,2004,R,105 min,105,Drama,7.6,65939,697181
Misery,1990,R,107 min,107,Drama,7.8,184740,61276872
Before Midnight,2013,R,109 min,109,Drama,7.9,141457,8114627
Central do Brasil,1998,R,110 min,110,Drama,8,36419,5595428
Billy Elliot,2000,R,110 min,110,Drama,7.7,126770,21995263
Babam ve Oglum,2005,R,112 min,112,Drama,8.3,78925,6857296
Hable con ella,2002,R,112 min,112,Drama,7.9,104691,9284265
Donnie Darko,2001,R,113 min,113,Drama,8,740086,1480006
The Magdalene Sisters,2002,R,114 min,114,Drama,7.7,25938,4890878
Jagten,2012,R,115 min,115,Drama,8.3,281623,687185
Gran Torino,2008,R,116 min,116,Drama,8.1,720450,148095302
Room,2015,R,118 min,118,Drama,8.1,371538,14677674
The Last Picture Show,1971,R,118 min,118,Drama,8,42456,29133000
Hævnen,2010,R,118 min,118,Drama,7.6,38491,1008098
American History X,1998,R,119 min,119,Drama,8.5,1034705,6719864
1917,2019,R,119 min,119,Drama,8.3,425844,159227644
Sound of Metal,2019,R,120 min,120,Drama,7.8,27187,2538120
Efter brylluppet,2006,R,120 min,120,Drama,7.7,32001,412544
Das Experiment,2001,R,120 min,120,Drama,7.7,90842,141072
La piel que habito,2011,R,120 min,120,Drama,7.6,138959,3185812
Gegen die Wand,2004,R,121 min,121,Drama,7.9,51325,318412301
Portrait de la jeune fille en feu,2019,R,122 min,122,Drama,8.1,63134,3759854
Atonement,2007,R,123 min,123,Drama,7.8,251370,50927067
Match Point,2005,R,124 min,124,Drama,7.6,206294,23089926
"Synecdoche, New York",2008,R,124 min,124,Drama,7.6,83158,3081925
Le locataire,1976,R,126 min,126,Drama,7.7,39889,1924733
Nelyubov,2017,R,127 min,127,Drama,7.6,29765,566356
El secreto de sus ojos,2009,R,129 min,129,Drama,8.2,193217,6391436
The Trial of the Chicago 7,2020,R,129 min,129,Drama,7.8,89896,2222847
Incendies,2010,R,131 min,131,Drama,8.3,150023,6857096
Sling Blade,1996,R,135 min,135,Drama,8,86838,24475416
Roma,2018,R,135 min,135,Drama,7.7,140375,4360400
25th Hour,2002,R,135 min,135,Drama,7.6,169708,13060843
Mommy,2014,R,139 min,139,Drama,8.1,50700,3492754
Mr. Nobody,2009,R,141 min,141,Drama,7.8,216421,3600
Zwartboek,2006,R,145 min,145,Drama,7.7,72643,4398392
Apocalypse Now,1979,R,147 min,147,Drama,8.4,606398,83471511
Mulholland Dr.,2001,R,147 min,147,Drama,7.9,322031,7220243
Boogie Nights,1997,R,155 min,155,Drama,7.9,239473,26400640
Breaking the Waves,1996,R,159 min,159,Drama,7.8,62428,4040691
Saving Private Ryan,1998,R,169 min,169,Drama,8.6,1235804,216540909
Ba wang bie ji,1993,R,171 min,171,Drama,8.1,25088,5216888
Magnolia,1999,R,188 min,188,Drama,8,289742,22455976
Before Sunset,2004,R,80 min,80,Drama,8.1,236311,5820649
Once,2007,R,86 min,86,Drama,7.8,110656,9439923
Short Term 12,2013,R,96 min,96,Drama,8,81770,1010414
Moon,2009,R,97 min,97,Drama,7.9,335152,5009677
La double vie de Véronique,1991,R,98 min,98,Drama,7.8,42376,1999955
Casablanca,1942,U,102 min,102,Drama,8.5,522093,1024560
Notorious,1946,U,102 min,102,Drama,7.9,92306,10464000
Au revoir les enfants,1987,U,104 min,104,Drama,8,31163,4542825
The Lunchbox,2013,U,104 min,104,Drama,7.8,50523,4231500
Edward Scissorhands,1990,U,105 min,105,Drama,7.9,447368,56362352
The Illusionist,2006,U,110 min,110,Drama,7.6,354728,39868642
Wonder,2017,U,113 min,113,Drama,8,141923,132422809
The Conversation,1974,U,113 min,113,Drama,7.8,98611,4420000
The Butterfly Effect,2004,U,113 min,113,Drama,7.6,451479,57938693
East of Eden,1955,U,118 min,118,Drama,7.9,40313,93740200
What's Eating Gilbert Grape,1993,U,118 min,118,Drama,7.8,215034,9170214
Abre los ojos,1997,U,119 min,119,Drama,7.7,64082,368234
Rocky,1976,U,120 min,120,Drama,8.1,518546,117235247
Anand,1971,U,122 min,122,Drama,8.4,30273,83471711
Black,2005,U,122 min,122,Drama,8.2,33354,733094
Ordinary People,1980,U,124 min,124,Drama,7.7,47099,54800000
Good Will Hunting,1997,U,126 min,126,Drama,8.3,861606,138433435
Der Himmel über Berlin,1987,U,128 min,128,Drama,8,64722,3333969
The Verdict,1982,U,129 min,129,Drama,7.7,36096,54000000
The Prestige,2006,U,130 min,130,Drama,8.5,1190259,53089891
Kai po che!,2013,U,130 min,130,Drama,7.7,32628,1122527
Brazil,1985,U,132 min,132,Drama,7.9,187567,9929135
Rain Man,1988,U,133 min,133,Drama,8,473064,178800000
Un long dimanche de fiançailles,2004,U,133 min,133,Drama,7.6,70925,6167817
The Remains of the Day,1993,U,134 min,134,Drama,7.8,66065,22954968
Little Women,2019,U,135 min,135,Drama,7.8,143250,108101214
Tôkyô monogatari,1953,U,136 min,136,Drama,8.2,53153,57426
Sense and Sensibility,1995,U,136 min,136,Drama,7.6,102598,43182776
A Few Good Men,1992,U,138 min,138,Drama,7.7,235388,141340178
Zulu,1964,U,138 min,138,Drama,7.7,35999,28350200
Close Encounters of the Third Kind,1977,U,138 min,138,Drama,7.6,184966,132088635
L'avventura,1960,U,144 min,144,Drama,7.9,26542,24380378
"Paris, Texas",1984,U,145 min,145,Drama,8.1,91188,2181987
All Quiet on the Western Front,1930,U,152 min,152,Drama,8,57318,3270000
Soorarai Pottru,2020,U,153 min,153,Drama,8.6,54995,12763
Metropolis,1927,U,153 min,153,Drama,8.3,159992,1236166
Chak De! India,2007,U,153 min,153,Drama,8.2,74129,1113541
The Color Purple,1985,U,154 min,154,Drama,7.8,78321,98467863
Nuovo Cinema Paradiso,1988,U,155 min,155,Drama,8.5,230763,11990401
Stalker,1979,U,162 min,162,Drama,8.2,116945,234723
Taare Zameen Par,2007,U,165 min,165,Drama,8.4,168895,1223869
La leggenda del pianista sull'oceano,1998,U,169 min,169,Drama,8.1,59020,259127
My Fair Lady,1964,U,170 min,170,Drama,7.8,86525,72000000
Kagemusha,1980,U,180 min,180,Drama,8,32195,38400200
Dilwale Dulhania Le Jayenge,1995,U,189 min,189,Drama,8.1,63516,171282
Veer-Zaara,2004,U,192 min,192,Drama,7.8,49050,2921738
"Swades: We, the People",2004,U,210 min,210,Drama,8.2,83005,1223240
Gone with the Wind,1939,U,238 min,238,Drama,8.1,290074,198676459
Brief Encounter,1945,U,86 min,86,Drama,8,35601,655000
Smultronstället,1957,U,91 min,91,Drama,8.2,96381,1229797
The Day the Earth Stood Still,1951,U,92 min,92,Drama,7.7,76315,53309
Trois couleurs: Bleu,1993,U,94 min,94,Drama,7.9,89836,1324974
A Little Princess,1995,U,97 min,97,Drama,7.7,32236,10019307
Fa yeung nin wah,2000,U,98 min,98,Drama,8.1,124383,2734044
Höstsonaten,1978,U,99 min,99,Drama,8.2,26875,23384187
Trois couleurs: Rouge,1994,U,99 min,99,Drama,8.1,90729,4043686
"I, Daniel Blake",2016,UA,100 min,100,Drama,7.9,53818,258168
The Perks of Being a Wallflower,2012,UA,103 min,103,Drama,8,462252,17738570
God's Own Country,2017,UA,104 min,104,Drama,7.7,25198,335609
Kokuhaku,2010,UA,106 min,106,Drama,7.8,35713,177003124
Gattaca,1997,UA,106 min,106,Drama,7.8,280845,12339633
Die Welle,2008,UA,107 min,107,Drama,7.6,102742,3186012
Eternal Sunshine of the Spotless Mind,2004,UA,108 min,108,Drama,8.3,911664,34400301
Ex Machina,2014,UA,108 min,108,Drama,7.7,474141,25442958
The Wrestler,2008,UA,109 min,109,Drama,7.9,289415,26236603
On Golden Pond,1981,UA,109 min,109,Drama,7.6,27650,119285432
Vozvrashchenie,2003,UA,110 min,110,Drama,8,42399,502028
The Broken Circle Breakdown,2012,UA,111 min,111,Drama,7.7,39379,175058
La Grande Illusion,1937,UA,113 min,113,Drama,8.1,33829,172885
Il conformista,1970,UA,113 min,113,Drama,8,27067,541940
Ondskan,2003,UA,113 min,113,Drama,7.8,35682,15280
Full Metal Jacket,1987,UA,116 min,116,Drama,8.3,675146,46357676
Arrival,2016,UA,116 min,116,Drama,7.9,594181,100546139
Pan's Labyrinth,2006,UA,118 min,118,Drama,8.2,618623,37634615
Citizen Kane,1941,UA,119 min,119,Drama,8.3,403351,1585634
Slumdog Millionaire,2008,UA,120 min,120,Drama,8,798882,141319928
Network,1976,UA,121 min,121,Drama,8.1,144911,48979528
La battaglia di Algeri,1966,UA,121 min,121,Drama,8.1,53089,55908
American Beauty,1999,UA,122 min,122,Drama,8.3,1069738,130096601
The Man Who Shot Liberty Valance,1962,UA,123 min,123,Drama,8.1,68827,4050200
Seven Pounds,2008,UA,123 min,123,Drama,7.6,286770,69951824
Forushande,2016,UA,124 min,124,Drama,7.8,51240,2402067
Philadelphia,1993,UA,125 min,125,Drama,7.7,224169,77324422
The Fault in Our Stars,2014,UA,126 min,126,Drama,7.7,344312,124872350
Amour,2012,UA,127 min,127,Drama,7.9,93090,6739492
Chinatown,1974,UA,130 min,130,Drama,8.1,294230,29000000
Airlift,2016,UA,130 min,130,Drama,8,52897,1034295
Million Dollar Baby,2004,UA,132 min,132,Drama,8.1,635975,100492203
Call Me by Your Name,2017,UA,132 min,132,Drama,7.9,212651,18095701
Udaan,2010,UA,134 min,134,Drama,8.2,42341,7461
Pink,2016,UA,136 min,136,Drama,8.1,39216,1241223
A Star Is Born,2018,UA,136 min,136,Drama,7.6,334312,215288866
Manchester by the Sea,2016,UA,137 min,137,Drama,7.8,246963,47695120
La grande bellezza,2013,UA,141 min,141,Drama,7.8,81125,2852400
Forrest Gump,1994,UA,142 min,142,Drama,8.8,1809221,330252182
Bridge of Spies,2015,UA,142 min,142,Drama,7.6,287659,72313754
Das weiße Band - Eine deutsche Kindergeschichte,2009,UA,144 min,144,Drama,7.8,68715,2222647
The Help,2011,UA,146 min,146,Drama,8,428521,169708112
Gully Boy,2019,UA,154 min,154,Drama,8,31886,5566534
Scent of a Woman,1992,UA,156 min,156,Drama,8,263918,63895607
Rockstar,2011,UA,159 min,159,Drama,7.7,39501,985912
My Name Is Khan,2010,UA,165 min,165,Drama,8,98575,4018695
The Curious Case of Benjamin Button,2008,UA,166 min,166,Drama,7.8,589160,127509326
JFK,1991,UA,189 min,189,Drama,8,142110,70405498
Titanic,1997,UA,194 min,194,Drama,7.8,1046089,659325379
Kis Uykusu,2014,UA,196 min,196,Drama,8.1,46547,165520
Freaks,1932,UA,64 min,64,Drama,7.9,42117,2537720
Bronenosets Potemkin,1925,UA,75 min,75,Drama,8,53054,50970
The Man from Earth,2007,UA,87 min,87,Drama,7.9,174125,257730219
Hiroshima mon amour,1959,UA,90 min,90,Drama,7.9,28421,88300
Gravity,2013,UA,91 min,91,Drama,7.7,769145,274092705
Pink Floyd: The Wall,1982,UA,95 min,95,Drama,8.1,76081,22244207
Ivanovo detstvo,1962,UA,95 min,95,Drama,8.1,31728,102621
Lifeboat,1944,UA,97 min,97,Drama,7.6,26471,13780424
